﻿<?xml version="1.0" encoding="UTF-8"?>

<!--
FILE INFORMATION

OMA Permanent Document
   File: OMA-SUP-XML_LWM2M_Firmware_Update-V1_0_1-20170704-A
   Type: xml

Public Reachable Information
   Path: http://www.openmobilealliance.org/tech/profiles
   Name: LWM2M_Firmware_Update-v1_0_1.xml

NORMATIVE INFORMATION

  Information about this file can be found in the latest revision of

    OMA-TS-LightweightM2M-V1_0_1

  This is available at http://www.openmobilealliance.org/

  Send comments to technical-comments@mail.openmobilealliance.org

CHANGE HISTORY

08022017 Status changed to Approved by TP, TP Ref # OMA-TP-2017-0009-INP_LightweightM2M-V1_0_ERP_for_Final_Approval
04072017 Status changed to Approved by TP, TP Ref # OMA-TP-2017-0029R01-INP_LightweightM2M_V1.0.1_ERP_for_Final_Approval_Notification
	
LEGAL DISCLAIMER

  Copyright 2017 Open Mobile Alliance All rights reserved.

  Redistribution and use in source and binary forms, with or without
  modification, are permitted provided that the following conditions
  are met:

  1. Redistributions of source code must retain the above copyright
  notice, this list of conditions and the following disclaimer.
  2. Redistributions in binary form must reproduce the above copyright
  notice, this list of conditions and the following disclaimer in the
  documentation and/or other materials provided with the distribution.
  3. Neither the name of the copyright holder nor the names of its
  contributors may be used to endorse or promote products derived
  from this software without specific prior written permission.

  THIS SOFTWARE IS PROVIDED BY THE COPYRIGHT HOLDERS AND CONTRIBUTORS
  "AS IS" AND ANY EXPRESS OR IMPLIED WARRANTIES, INCLUDING, BUT NOT
  LIMITED TO, THE IMPLIED WARRANTIES OF MERCHANTABILITY AND FITNESS
  FOR A PARTICULAR PURPOSE ARE DISCLAIMED. IN NO EVENT SHALL THE
  COPYRIGHT HOLDER OR CONTRIBUTORS BE LIABLE FOR ANY DIRECT, INDIRECT,
  INCIDENTAL, SPECIAL, EXEMPLARY, OR CONSEQUENTIAL DAMAGES (INCLUDING,
  BUT NOT LIMITED TO, PROCUREMENT OF SUBSTITUTE GOODS OR SERVICES;
  LOSS OF USE, DATA, OR PROFITS; OR BUSINESS INTERRUPTION) HOWEVER
  CAUSED AND ON ANY THEORY OF LIABILITY, WHETHER IN CONTRACT, STRICT
  LIABILITY, OR TORT (INCLUDING NEGLIGENCE OR OTHERWISE) ARISING IN
  ANY WAY OUT OF THE USE OF THIS SOFTWARE, EVEN IF ADVISED OF THE
  POSSIBILITY OF SUCH DAMAGE.

  The above license is used as a license under copyright only.  Please
  reference the OMA IPR Policy for patent licensing terms:
  http://www.openmobilealliance.org/ipr.html
-->

<LWM2M xmlns:xsi="http://www.w3.org/2001/XMLSchema-instance" xsi:noNamespaceSchemaLocation="http://openmobilealliance.org/tech/profiles/LWM2M.xsd">
	<Object ObjectType="MODefinition">
		<Name>Firmware Update</Name>
		<Description1><![CDATA[This LwM2M Object enables management of firmware which is to be updated. This Object includes installing firmware package, updating firmware, and performing actions after updating firmware. The firmware update MAY require to reboot the device; it will depend on a number of factors, such as the operating system architecture and the extent of the updated software.
The envisioned functionality with LwM2M version 1.0 is to allow a LwM2M Client to connect to any LwM2M version 1.0 compliant Server to obtain a firmware imagine using the object and resource structure defined in this section experiencing communication security protection using DTLS. There are, however, other design decisions that need to be taken into account to allow a manufacturer of a device to securely install firmware on a device. Examples for such design decisions are how to manage the firmware update repository at the server side (which may include user interface considerations), the techniques to provide additional application layer security protection of the firmware image, how many versions of firmware imagines to store on the device, and how to execute the firmware update process considering the hardware specific details of a given IoT hardware product. These aspects are considered to be outside the scope of the LwM2M version 1.0 specification.
A LwM2M Server may also instruct a LwM2M Client to fetch a firmware image from a dedicated server (instead of pushing firmware imagines to the LwM2M Client). The Package URI resource is contained in the Firmware object and can be used for this purpose.
A LwM2M Client MUST support block-wise transfer [CoAP_Blockwise] if it implements the Firmware Update object.
A LwM2M Server MUST support block-wise transfer. Other protocols, such as HTTP/HTTPs, MAY also be used for downloading firmware updates (via the Package URI resource). For constrained devices it is, however, RECOMMENDED to use CoAP for firmware downloads to avoid the need for additional protocol implementations.]]></Description1>
		<ObjectID>5</ObjectID>
		<ObjectURN>urn:oma:lwm2m:oma:5</ObjectURN>
		<MultipleInstances>Single</MultipleInstances>
		<Mandatory>Optional</Mandatory>
		<Resources>
			<Item ID="0">
				<Name>Package</Name>
        <Operations>W</Operations>
        <MultipleInstances>Single</MultipleInstances>
				<Mandatory>Mandatory</Mandatory>
				<Type>Opaque</Type>
				<RangeEnumeration></RangeEnumeration>
				<Units></Units>
				<Description><![CDATA[Firmware package]]></Description>
			</Item>
			<Item ID="1">
				<Name>Package URI</Name>
        <Operations>RW</Operations>
        <MultipleInstances>Single</MultipleInstances>
				<Mandatory>Mandatory</Mandatory>
				<Type>String</Type>
				<RangeEnumeration>0-255 bytes</RangeEnumeration>
				<Units></Units>
				<Description><![CDATA[URI from where the device can download the firmware package by an alternative mechanism. As soon the device has received the Package URI it performs the download at the next practical opportunity. 
The URI format is defined in RFC 3986. For example, coaps://example.org/firmware is a syntactically valid URI. The URI scheme determines the protocol to be used. For CoAP this endpoint MAY be a LwM2M Server but does not necessarily need to be. A CoAP server implementing block-wise transfer is sufficient as a server hosting a firmware repository and the expectation is that this server merely serves as a separate file server making firmware images available to LwM2M Clients.]]></Description>
			</Item>
			<Item ID="2">
				<Name>Update</Name>
        <Operations>E</Operations>
        <MultipleInstances>Single</MultipleInstances>
				<Mandatory>Mandatory</Mandatory>
				<Type></Type>
				<RangeEnumeration></RangeEnumeration>
				<Units></Units>
				<Description><![CDATA[Updates firmware by using the firmware package stored in Package, or, by using the firmware downloaded from the Package URI.
This Resource is only executable when the value of the State Resource is Downloaded.]]></Description>
			</Item>
			<Item ID="3">
				<Name>State</Name>
        <Operations>R</Operations>
        <MultipleInstances>Single</MultipleInstances>
				<Mandatory>Mandatory</Mandatory>
				<Type>Integer</Type>
				<RangeEnumeration>0-3</RangeEnumeration>
				<Units></Units>
				<Description><![CDATA[Indicates current state with respect to this firmware update. This value is set by the LwM2M Client.
0: Idle (before downloading or after successful updating)
1: Downloading (The data sequence is on the way)
2: Downloaded
3: Updating
If writing the firmware package to Package Resource is done, or, if the device has downloaded the firmware package from the Package URI the state changes to Downloaded.
Writing an empty string to Package URI Resource or setting the Package Resource to NULL (‘\0’), resets the Firmware Update State Machine: the State Resource value is set to Idle and the Update Result Resource value is set to 0.
When in Downloaded state, and the executable Resource Update is triggered, the state changes to Updating.
If the Update Resource failed, the state returns at Downloaded.
If performing the Update Resource was successful, the state changes from Updating to Idle. 
Firmware Update mechanisms are illustrated below in Figure 29 of the LwM2M version 1.0 specification.]]></Description>
			</Item>
			<Item ID="5">
				<Name>Update Result</Name>
        <Operations>R</Operations>
        <MultipleInstances>Single</MultipleInstances>
				<Mandatory>Mandatory</Mandatory>
				<Type>Integer</Type>
				<RangeEnumeration>0-9</RangeEnumeration>
				<Units></Units>
				<Description><![CDATA[Contains the result of downloading or updating the firmware
0: Initial value. Once the updating process is initiated (Download /Update), this Resource MUST be reset to Initial value.
1: Firmware updated successfully,
2: Not enough flash memory for the new firmware package.
3. Out of RAM during downloading process.
4: Connection lost during downloading process.
5: Integrity check failure for new downloaded package.
6: Unsupported package type.
7: Invalid URI
8: Firmware update failed
9: Unsupported protocol. A LwM2M client indicates the failure to retrieve the firmware image using the URI provided in the Package URI resource by writing the value 9 to the /5/0/5 (Update Result resource) when the URI contained a URI scheme unsupported by the client. Consequently, the LwM2M Client is unable to retrieve the firmware image using the URI provided by the LwM2M Server in the Package URI when it refers to an unsupported protocol.]]></Description>
			</Item>
			<Item ID="6">
				<Name>PkgName</Name>
				<Operations>R</Operations>
				<MultipleInstances>Single</MultipleInstances>
				<Mandatory>Optional</Mandatory>
				<Type>String</Type>
				<RangeEnumeration>0-255 bytes</RangeEnumeration>
				<Units></Units>
				<Description><![CDATA[Name of the Firmware Package]]></Description>
			</Item>
			<Item ID="7">
				<Name>PkgVersion</Name>
				<Operations>R</Operations>
				<MultipleInstances>Single</MultipleInstances>
				<Mandatory>Optional</Mandatory>
				<Type>String</Type>
				<RangeEnumeration>0-255 bytes</RangeEnumeration>
				<Units></Units>
				<Description><![CDATA[Version of the Firmware package]]></Description>
			</Item>
			<Item ID="8">
				<Name>Firmware Update Protocol Support</Name>
				<Operations>R</Operations>
				<MultipleInstances>Multiple</MultipleInstances>
				<Mandatory>Optional</Mandatory>
				<Type>Integer</Type>
				<RangeEnumeration></RangeEnumeration>
				<Units></Units>
				<Description><![CDATA[This resource indicates what protocols the LwM2M Client implements to retrieve firmware images. The LwM2M server uses this information to decide what URI to include in the Package URI. A LwM2M Server MUST NOT include a URI in the Package URI object that uses a protocol that is unsupported by the LwM2M client.
For example, if a LwM2M client indicates that it supports CoAP and CoAPS then a LwM2M Server must not provide an HTTP URI in the Packet URI.
The following values are defined by this version of the specification:
0 – CoAP (as defined in RFC 7252) with the additional support for block-wise transfer. CoAP is the default setting.
1 – CoAPS (as defined in RFC 7252) with the additional support for block-wise transfer
2 – HTTP 1.1 (as defined in RFC 7230)
3 – HTTPS 1.1 (as defined in RFC 7230)
Additional values MAY be defined in the future. Any value not understood by the LwM2M Server MUST be ignored.]]></Description>
			</Item>
			<Item ID="9">
				<Name>Firmware Update Delivery Method</Name>
				<Operations>R</Operations>
				<MultipleInstances>Single</MultipleInstances>
				<Mandatory>Mandatory</Mandatory>
				<Type>Integer</Type>
				<RangeEnumeration></RangeEnumeration>
				<Units></Units>
				<Description><![CDATA[The LwM2M Client uses this resource to indicate its support for transferring firmware images to the client either via the Package Resource (=push) or via the Package URI Resource (=pull) mechanism.
0 – Pull only
1 – Push only
2 – Both. In this case the LwM2M Server MAY choose the preferred mechanism for conveying the firmware image to the LwM2M Client.]]></Description>
			</Item>
    </Resources>
		<Description2><![CDATA[]]></Description2>
	</Object>
</LWM2M>
